Site,Revenu,Bénéfice,MargeNette,Inscrits,TauxRemplissage,TauxPrésence,Satisfaction
Auneau,468484,419476,86.32553191489362,345,63.729787234042554,81.85957446808511,7.848936170212766
Gellainville,669151,609815,87.65283018867925,434,70.68867924528301,81.57169811320755,7.969811320754717
