Formation,Revenu,Bénéfice,MargeNette,Inscrits,Présents,TauxRemplissage,TauxPrésence,Satisfaction
Formation BTP - Engins de chantier,264668,242649,90.13846153846154,113,100,73.83846153846153,87.0923076923077,7.753846153846154
Formation permis C,193722,175740,87.80833333333334,102,84,69.72500000000001,80.08333333333333,8.133333333333333
Transport routier de marchandises,147651,131896,85.96153846153847,96,81,66.56153846153846,82.21538461538461,8.015384615384615
